-7	袪袨袥袠	袛袝孝袠	袪袨袛袠孝袝袥袠
-6	袣袗袣	袦袝袛袠袗	袗袣袗袛袝袦袠袣
-5	袩袝小袧袠	袛袝袥袨	袩袨小袥袝袛袧袠袝
-4	袧袝孝	袩袪袠袝袟袛	袩袪袝袟袠袛袝袧孝
-3	袠袧孝袝袪袝小	袨袧袗	袧袗小孝袪袨袝袧袠袝
-2	袗袛袪袝小	袣袗袧袗袥	袗袥袝袣小袗袧袛袪袗
-1	小袧袝袚袗	袛袙袗	袧袗袙小袝袚袛袗
0	袦袠袪袗	孝袝袥袗	袦袗孝袝袪袠袗袥
1	袙袠袛	袝袥袝袧袗	袛袗袙袥袝袧袠袝
2	协孝袨	小袧袠袦袨袣	协袣袨袧袨袦袠小孝
3	袪袗袧	小袛袝袥袣袗	袗袥袝袣小袗袧袛袪
4	袨袛袠袧	小袝袪袝袞袗	小袨袛袝袪袞袗袧袠袝
5	袚袨袪蝎	袩袝袪袙袨袝	袩袝袪袝袚袨袙袨袪蝎
6	袚袨袛	袪袨袙袧袨	袧袨袙袚袨袪袨袛
7	袚袝袧袪袠	袦袗携	袚袝袪袦袗袧袠携
8	袧袠袣孝袨	袙袝小	小袨袙袝孝袧袠袣
9	孝袗袣	袨小袧袨袙袗	袨小孝袗袧袨袙袣袗
10	袩袝小袧携	袛袨袥携	袩袨小袥袝袛袧携携
11	孝袪袠	袥袗校袪袝袗孝	袥袠孝袝袪袗孝校袪袗
12	袨袘袪袗袟	袣袗袪孝袗	袪袗袟袪袗袘袨孝袣袗
13	小袪袨袣	小袗袦袠	袣袨袦袠小小袗袪
14	袣袠袦	袧袗袪袨袛	袣袨袦袗袧袛袠袪
15	孝袪袝袣	袪袨袛袗	袪袝袛袗袣孝袨袪
16	袠袚袪袗	袦袗袪孝袗	袦袗袪袚袗袪袠孝袗
17	袩袥袗袧	袦袗袪孝袝	袩袗袪袥袗袦袝袧孝
18	孝袨袦	袪袗小小袙袝孝	袦袗小孝袝袪小孝袙袨
19	效袝袥小袠	袣袨孝袨袙	袣袨袥袠效袝小孝袙袨
20	孝袝袪袪袠	袣袨袛	袛袠袪袝袣孝袨袪
21	袦袝袪	袩袗袘袥袨	袩袪袨袘袥袝袦袗
22	袧袠效孝袨	袠小袣	袠小孝袨效袧袠袣
23	袛袝袧鞋	袣袗袪袥袗	袣袗袥袝袧袛袗袪鞋
24	小袩袨袪孝	袧袨效鞋	袩袪袨效袧袨小孝鞋
25	小袝袪袠携	袗袧孝袨袧	袧袗小孝袪袨袝袧袠携
26	效孝袝袧袠袝	袩袗袙袝袥	袙袩袝效袗孝袥袝袧袠袝
27	袣袠袝袙	袪袗袧袨	袙袝袪袨袧袠袣袗
28	孝袨袡	袗袥袠袧袗	袗袧袗孝袨袥袠袡
29	袧袠袦	袚袪袨袟袗	袨袪袚袗袧袠袟袦
30	袧袝袦	袪袗小效袝孝	袦袗袧效袝小孝袝袪
31	袩袠袥袨孝	笑袝袧袗	袩袨孝袝袧笑袠袗袥
32	小孝袝袧	校袪袨袙袝袧鞋	校袙袝袪袝袧袧袨小孝鞋
33	袩袨袥	袪袨袞袛袝袧袠袝	袩袪袨袛袨袥袞袝袧袠袝
34	袨袩蝎孝	袪袝袣袠	袩袨袣袪蝎孝袠袝
35	袠袥袠	孝袗袧袣袗	袗袧袗袥袠孝袠袣
36	袝小袥袠	袙袗袧携	袙袗袥袝袧小袠携
37	袣袨袙袝袪	小孝袗袥	袥袝袣袗袪小孝袙袨
38	袛袧袠	袙袝效袝袪袗	袗袧袛袪袝袝袙袠效
39	袥袝孝	袪袨袦袗袧袨袙	袥袝袪袦袨袧孝袨袙袗
40	效袗小孝鞋	袙袨袥袧袗	袧袗效袗袥鞋小孝袙袨
41	袨袪袝袥	袧袗袛袨	袥袝袨袧袗袪袛袨
42	效袝袪孝	袩袠袙袨	袩袝孝袪袨袙袠效
43	袩袪袝小小	袚袨袪	袩袪袨袚袪袝小小
44	袠袦携	袟袪袝袧袠袝	袠袟袦袝袪袝袧袠携
45	袩袨袧袠	袦袝效孝袗	效袝袦袩袠袨袧袗孝
46	袨效袣袠	袙袩袝袪袝袛	袩袝袪袝袙袨袛效袠袣
47	袟袗袩袪袝孝	小袥袨袙袗	袩袨小袥袝袟袗袙孝袪袗
48	袣袨袩袠携	袦袗袧	袣袨袦袩袗袧袠携
49	袣袠孝	袩袗袪袣袗	袩袪袗袣孝袠袣袗
50	小蝎袧	袝袙袪袝袡	小袝袙袝袪袧蝎袡
51	袘袨袣	袪袗袘袨孝袗	袨袘袪袗袘袨孝袣袗
52	袧袨效袠	袨袣袝袗袧	袨袣袨袧效袗袧袠袝
53	小袝袙袝袪袨	袠袙袗袧	袪袗袙袧袨袙袝小袠袝
54	小袙袝孝	袛袨袙袨袥鞋袧袨	袧袝袛袨袙袨袥鞋小孝袙袨
55	小校孝袣袠	效袗袧	校效袗小孝袧袠袣
56	袧袝袡	袚袗袧袛袠	袚袝袧袧袗袛袠袡
57	效袝袣	小袧袨袙袗	小袗袙效袝袧袣袨
58	袩袪袠袙袝孝	袗袥鞋	袩袪袗袙袠孝袝袥鞋
59	袨孝袙袝孝	袚袗袧小	袗袚袝袧孝小孝袙袨
60	袘袝袪校孝	袨袪袚袗袧	袚校袘袝袪袧袗孝袨袪
61	孝袗袣小袠	袠袧袨袚袛袗	袛袠袗袚袧袨小孝袠袣袗
62	袟袨袧蝎	袦袗袡袣	袟袧袗袣袨袦蝎袡
63	袙袝小鞋	袙袗袥袠	袙袗小袠袥鞋袝袙
64	袩袨袥袠	袝小孝鞋	袥袝孝袨袩袠小鞋
65	小袝袥袗	袧袗袘袨袪	袘袗袪小袝袥袨袧袗
66	袛袨袦	袗袣孝袝袪蝎	袛袝袦袨袣袪袗孝蝎
67	小袨袙袝孝	袥袝袧袠袧袗	小孝袗袧袨袙袥袝袧袠袝
68	孝袝袨袪袠携	袩袪袠袝袦	袦袝袪袨袩袪袠携孝袠袝
69	袦袠袪	袥袝袧孝袗	孝袝袪袦袠袧袗袥
70	携袛袪袨	袗袧袧袗	袧袗袪袨袛袧袗携
71	袪袠袦袝	袦袗袥袨	袦袝袦袨袪袠袗袥
72	袙袝孝袪袨袙	袧袗小	袪袗袙袝袧小孝袙袨
73	袥袝小	袛袙袝小孝袠	小袥袝袛小孝袙袠袝
74	袠袘袨	袚袝袧袝袪袗袥	袨袚袪袗袘袥袝袧袠袝
75	袪袝楔袝袧袠袝	袙袗袟	袟袗袙袝袪楔袝袧袠袝
76	啸袗袪孝	袪袝袣袗	啸袗袪袗袣孝袝袪
77	袨袧袨	袛袠袣袠袡	袨袛袠袧袨袣袠袡
78	袦袠袛	孝袨袥袩袗	袛袠袩袥袨袦袗孝
79	袞袠袟袧袠	袣袨袥袗	袟袗袥袨袞袧袠袣袠
80	孝袝袥袨	袟袙袝袪袠	孝袝袥袝袙袠袟袨袪
81	袝袦校	袩袠袗袧袠袧袨	校袩袨袦袠袧袗袧袠袝
82	袧袨袙袨袝	小孝袗袥鞋	袨小袧袨袙袗孝袝袥鞋
83	袣袨袪孝	孝袗袧袣	袣袨袧孝袪袗袣孝
84	袛袙袝	袗袪袝袧袗	袗袧袛袪袝袝袙袗
85	袣袨袥	袨袥鞋袚袗	袗袥袣袨袚袨袥鞋
86	小孝袨袥	袛袙袝袪袠	袥袠袛袝袪小孝袙袨
87	袧袨袞	袙袥袗小孝鞋	袙袥袗袞袧袨小孝鞋
88	袙袝小孝袠	袨啸袪袗袧袗	小孝袪袗啸袨袙袗袧袠袝
89	袠袝袧	袩袝袪袝袙袨袛	袩袪袨袙袝袛袝袧袠袝
90	袠袟袙袧袝	袗袧袗	袧袗袟袙袗袧袠袝
91	袟袨袠	小袝袛袗袧	小袨袟袛袗袧袠袝
92	小校袩	袩袨孝袨袣	袩袨小孝校袩袨袣
93	袨袚袨	袪袗袟袪蝎袙	袪袗袟袚袨袙袨袪蝎
94	袨孝袝笑	袠袪袠袧袗	袨孝袪袠笑袗袧袠袝
95	袪袝袗袣笑袠携	袛袗袥	袛袝袣袥袗袪袗笑袠携
96	袥袝效袝袧袠袝	袘袨袚	袨袘袥袝袚效袝袧袠袝
97	袣校袧	袦袝孝袨袛	袛袨袣校袦袝袧孝
98	袧袗楔	袛袪袗袣袗	袣袗袪袗袧袛袗楔
99	袠袥鞋袠效	袦袗袣	袦袗袥鞋效袠袣袠
100	袩袝孝袪	袦袗袪袠袨	袠袦袩袝袪袗孝袨袪
101	小袠袧	袩袪袨袝袣孝	袠袧小袩袝袣孝袨袪
102	袥袠效袧袨小孝鞋	小袝袧	效袠小袥袝袧袧袨小孝鞋
103	袣袥袠袩	袦袨袦袝袧孝	袣袨袦袩袥袠袦袝袧孝
104	袧袨袚	袦袗袪袠携	袚袗袪袦袨袧袠携
105	袛袝袧	袩袪袗袙袗	袧袝袩袪袗袙袛袗
106	袘袨袥鞋	小孝袗小	小袥袗袘袨小孝鞋
107	袪袝袧袝	袗孝袗袣袠	袝袣袗孝袝袪袠袧袗
108	小校孝鞋	小孝袨袥袗	校小孝袗袥袨小孝鞋
109	袩校袥袠	袝袪袝袙袗袧	校袩袪袗袙袥袝袧袠袝
110	小袥袨袙袨	袙袝袣孝袨袪	袣袨袪袨袥袝袙小孝袙袨
111	袨小鞋	小孝袪袨袣	小袣袨袪袨小孝鞋
112	小袠孝袠	袣袪袗袧	袣袪袠小孝袠袧袗
113	小袨袧	孝袙袝袪鞋	袙袝袪袧袨小孝鞋
114	袣袠袧袨	袙袠袧效袠	效袠袧袨袙袧袠袣袠
115	小孝校袣	袗袪孝校袪	小孝袪校袣孝校袪袗
116	袩袝袧袠袝	袙袨袥袧蝎	袙蝎袩袨袥袧袝袧袠袝
117	小袨袙袝小孝鞋	袩袨袥袗	小袝袙袗小孝袨袩袨袥鞋
118	孝袪袠袨	袘袗袧袣	袪袗袘袨孝袧袠袣
119	袥袠孝	袩鞋袝小袗	袩袠小袗孝袝袥鞋
120	袘袥袠袧	孝校袪袗	孝袪袠袘校袧袗袥
121	小孝袠袥鞋	孝袪袨袝	小孝袪袨袠孝袝袥鞋
122	孝袨袧	袦袨小袣袙袗	袣袨小袦袨袧袗袙孝
123	孝袪袨袧	小袠小孝袝袦袗	袗小小袨袪孝袠袦袝袧孝
124	袩袨袥鞋	袣袝袧袧袝袛袠	袩袨袧袝袛袝袥鞋袧袠袣
125	小袧袝袚	袛袗孝袗	袛袗袚袝小孝袗袧
126	袥袝袧袗	小孝袗袙	小袙袝孝袥袗袧袗
127	小孝袠啸袠	袩袗袪	袩小袠啸袠袗孝袪
128	袛袞袠袧袗	袚袪袗袧	袚袪袗袞袛袗袧袠袧
129	袝袛校孝	小袗袧袣孝	小孝校袛袝袧孝袣袗
130	小袩校孝袧袠袣	袩袝袪	袩袪袝小孝校袩袧袠袣
131	袝袙袪袨	小袣袗袧袛袗袥	袗袥袝袣小袗袧袛袪袨袙
132	袪袠小袣	袗袙孝袨	小孝袗袪袠袣袨袙
133	袥袠小孝	袣袗袪袥	袣袪袠小孝袗袥袥
134	袧袠袣袠	袛袗袦袗	袛袠袧袗袦袠袣袗
135	小袝袙袝袪	袧袠袧袗	小袪袗袙袧袝袧袠袝
136	袞袝袧袗	袚袪袗袧袛	袧袗袚袪袗袞袛袝袧
137	校袚袨袥	袩袗袪孝袠携	袩袨袪孝校袚袗袥袠携
138	袪袨小孝	袛袧袝袙袧袠袣	袪袨袛小孝袙袝袧袧袠袣
139	袪袨袧	袗袪袝小孝	袪袝小孝袨袪袗袧
140	孝袨袩袨袪	协袪袗	袗协袪袨袩袨袪孝
141	袨袣袠	袩袥袠孝袗	袩袨袥袠孝袠袣袗
142	袚袝袪袨袠	袣袗孝携	袣袗孝袝袚袨袪袠携
143	袙校袟	袨笑袝袧袣袗	袣校袟袧袝笑袨袙袗
144	袩袨袥袝	小孝校袩袝袧袠	袩袨小孝校袩袥袝袧袠袝
145	袥袨小	袩袨袪袗袞袝袧袠袝	袪袗小袩袨袥袨袞袝袧袠袝
146	袥袨袞鞋	袛袝袦袨	袦袨袥袨袛袝袞鞋
147	袠袪袗袣	袙袗小携	袣袪袗小袠袙袗携
148	效袝袪袝袩	袗袛袗	袩袝袪袝袛袗效袗
149	效袝小孝鞋	小袝袧袗	袧袝小效袗小孝鞋袝
150	袣袨小孝携	袙袝小袗	小袨袙袝孝小袣袗携
151	小孝袨	袗袧袝袣袛袨孝	袧袝袛袨小孝袗孝袨袣
152	袦袠袥袥袝袪	袪袗袛袠	袦袠袥袥袠袗袪袛袝袪
153	袚袪袠袧	袙袨袛袗	袙袠袧袨袚袪袗袛
154	袣袪袠袣	袧袗孝袨	袧袗袪袣袨孝袠袣
155	袣袪袝小孝	袙袨袡	孝袙袝袪小袣袨袡
156	校袪袨袣袠	袞袝袧袝	袨袣袪校袞袝袧袠袝
157	孝袨袧袠	袗袣孝袝袪	袣袠袧袨孝袝袗孝袪
158	袣校袪小袗	袧袗袛袝袥	袗袥袝袣小袗袧袛袪校
159	袪袠袨	袙袙袝袛袝袧袠袝	袝袙袪袨袙袠袛袝袧袠袝
160	袩袨袠小袣	袪袗袣	袪袗小袣袨袩袣袠
161	袪袠袣	孝袪袗袙袗	袣袙袗袪孝袠袪袗
162	肖袨袧	袗袧袛袪袝	肖袝袪袧袗袧袛袨
163	袣袨袩	袛袞袗袪袝袛	袩袨袛袛袝袪袞袣袗
164	袚袝袪袨袡	袘袨袝袙	袘袝袪袝袚袨袙袨袡
165	袣袨小袦袨小	携袙袣袗	袦袨小袣袨袙小袣袗携
166	小袩袠袪孝	袧袨袙袗携	小袩袨袪孝袠袙袧袗携
167	小袝袪袨	袘袗袧袠	小袨袘袪袗袧袠袝
168	孝袝袧袠	小袙袨袛	袝袛袠袧小孝袙袨
169	袙袠袧袨	袦袗袪小	小袦袠袪袧袨袙袗
170	小孝袗袧袨袣	袙袗校	校小孝袗袧袨袙袣袗
171	小孝袨携	袟袧袗孝鞋	袟袗袧携孝袨小孝鞋
172	小袝袥袨	小袙袠袛袗袧袠袝	袠小小袥袝袛袨袙袗袧袠袝
173	袘袠袟袧袝小	校孝袣袗	校袟袘袝袣袠小孝袗袧
174	袚袨袥	袦袗袪孝袠	袗袥袚袨袪袠孝袦
175	楔袗袧小	袪袠孝袗	小孝袗袪楔袠袧袗
176	袩袝袪袨	袪袨孝袗	袨袩袝袪袗孝袨袪
177	袩袨袪	袝小袝袧袠袧	袩袝袧小袠袨袧袝袪
178	袣袨孝	袛袨袩袪袨小	袩袨袛袪袨小孝袨袣
179	袧袝袦袝笑	袟袗袣袨袧	袧袝袟袧袗袣袨袦袝笑
180	袩袝袪袝袧袨小	袙袝些袠	袩袪袨小袙袝些袝袧袠袝
181	袝袥袝	袛袠袙袗袧	袙袥袗袛袝袧袠袝
182	袘袝小	袪袗校袥鞋	袘袝袥袗袪校小鞋
183	袟袨袧袗	袣袨袛袗	袛袨袣袗袟袗袧袨
184	袩袝袧袠携	袙袨袥袝	袩袨携袙袥袝袧袠袝
185	袦袝孝袪	袣袧袠袚袗	袦袗袪袣袝孝袠袧袚
186	孝袨袪孝	袣袨袧袣校袪小	袣袨袧小孝袪校袣孝袨袪
187	小袝孝袠	孝袪袗肖袠袣	小袝袪孝袠肖袠袣袗孝
188	袥袝袨	小袩袠袧袗	袩袨小袥袗袧袠袝
189	袦袨小孝蝎	袝袥袗	小袗袦袨袥袝孝蝎
190	孝袠袩	小袣袗袥袗	袩袥袗小孝袠袣袗
191	袣袥校袘袨袙	袗袚袗	袘校袥袚袗袣袨袙袗
192	袪袨袣	袟袗袘袨孝袗	袟袗袪袗袘袨孝袨袣
193	袪袝袧	袩袥袗袙袗袧袠袝	袧袗袩袪袗袙袥袝袧袠袝
194	袩袨袩	袧袗袚袪袗袛袗	袩袪袨袩袗袚袗袧袛袗
195	袪袝袧袨	小孝袗袧	小孝袪袗袧袧袨袝
196	袨袣袪校袚	袙袠袟	袚袪校袟袨袙袠袣
197	携袣袨袙	小袠袥袗	小袥袨袙袗袣袠携
198	袠袪袗袧	袗袚袝袧孝	袗袪袚袝袧孝袠袧袗
199	袩袠袪小	小笑袝袧袗	袩袪袠袧笑袝小小袗
200	袘袠孝	袣袪袗小袧袗携	袘袪袠孝袗袧小袣袗携
201	袣袨袦袝袛袠携	袗袪孝	袛袝袦袨袣袪袗孝袠携
202	效袠袥袠	袧袝袙袗	袙袝袥袠效袠袧袗
203	孝袨小孝	袩袨袪袗	袩袪袨小孝袨孝袗
204	袪袨袦袝袨	袙袝袣	袣袝袦袝袪袨袙袨
205	袣校袪小	袛袗袧孝袝	小袗校袧袛孝袪袝袣
206	袚袨袥袨袛	袙袪袗袚	袙袨袥袚袨袚袪袗袛
207	孝袠啸袨	袣袗袪孝袝袪	袗袪啸袠孝袝袣孝袨袪
208	袧袠孝鞋	小孝袗袙袨袣	袗袣孝袠袙袧袨小孝鞋
209	楔袥袝袦	袠袧蝎袝	袦蝎楔袥袝袧袠袝
210	袚袨袪袠孝	袥袗小	袚袗小孝袪袨袥袠
211	袣袪袨小小	袚袝袧	袣袨袧袚袪袝小小
212	袩袠袣	小孝袗袥袠袧	袩袥袗小孝袠袧袣袠
213	肖袨袪袦袗孝	袩袗袥	袩袥袗孝肖袨袪袦袗
214	袣袨袪袧袠	袙袝孝袪袗	孝袪袝袧袠袪袨袙袣袗
215	袨袣袧袨	袘袪袝袧袛袗	袘袨袧袛袗袪袝袧袣袨
216	楔孝校袣	小袗袪袗	小孝袗袪校楔袣袗
217	袣袥袠袧	袪袗袛袗	袣袗袪袛袠袧袗袥
218	袣袝袡	袙袠小袣袠	袣袠袝袙小袣袠袡
219	校效袝袧袠袝	袥袝袙	校袙袥袝效袝袧袠袝
220	袩袨袣袥袨袧	袙袠袣	袩袨袥袣袨袙袧袠袣
221	孝袨袩	小袥袨袙袗袪鞋	小孝袗袙袪袨袩袨袥鞋
222	袛袝袧袠小	袙孝袨袪袧袠袣	袪袨袛小孝袙袝袧袧袠袣袠
223	袣袨袥鞋	袣袝袡孝	袣袨袣孝袝袡袥鞋
224	孝袝袥鞋	袘袗袪小	小孝袪袝袥鞋袘袗
225	袙袝袧袨袣	袗袥袠	袧袠袣袨袥袗袝袙
226	袪袨袛	袧袠袣袠孝袗	袠袧袛袠袣袗孝袨袪
227	袞袠袪	小校袥孝袗袧	袞校袪袧袗袥袠小孝
228	小袨袙	孝袪袗袧小袩袨袪孝	袩袪袨小孝袪袗袧小孝袙袨
229	袩袗袛袝袧袠袝	袩袪袗袙袨	袩袪袝袩袨袛袗袙袗袧袠袝
230	袛袨袧	袚袨袥蝎袡	袚袨袥袨袛袧蝎袡
231	袥袠小	孝袗袧袝笑	袥袝小孝袧袠笑袗
232	袪袠效袠	袟袗袥袝	袪袗袟袥袠效袠袝
233	楔袙袝笑袠携	袪袗袡	楔袙袝袡笑袗袪袠携
234	袟袥袨小孝鞋	袝袛袗	小袨袟袛袗孝袝袥鞋
235	袦袠袧袠	效袝袪袝袩袗	袩袪袠袦袝效袗袧袠袝
236	袘袝袥袣袠	袩袗袪校小	袪袝小袩校袘袥袠袣袗
237	袥袨袪袝袧	袩袗小	袩袝袪小袨袧袗袥
238	袪袨袛袝	袘袥袨袚	袘袝袥袚袨袪袨袛
239	袦袠肖	小孝袝袧袗	袦袗袧袠肖袝小孝
240	袣袨袥携	袩袠孝袝袪	袩袪袨袣袥携孝袠袝
241	袗袧袧袝	袥袠孝袙袗	袙袗袥袝袧孝袠袧袗
242	孝袝袪袩袝袧袠袝	袥袨袘	袩袨孝袪袝袘袥袝袧袠袝
243	袙袟袨袪	袙袝些袗袧袠袝	袙袨袟袙袪袗些袝袧袠袝
244	袩袨携小	袧袠袥袗	袩袨小袥袗袧袠携
245	效袝袪孝袠	袩袗袣	袩袝袪效袗孝袣袠
246	袚袝袧袠携	袙袨袪	袧袨袪袙袝袚袠携
247	袚袨小孝鞋	袩袠袥袗	袚袨小袩袠孝袗袥鞋
248	袩袪袠孝袨袣	袙袠袧	袩袪袨孝袠袙袧袠袣
249	袦袗携袣	小袝小孝袪袗	袦袗小孝袝袪小袣袗携
250	袪袝袗袥	孝袗孝鞋携袧袗	孝袝袗孝袪袗袥鞋袧袗携
251	效袝袧	小孝袙袨袥	效袥袝袧小孝袙袨
252	啸袗袧	袙袝孝袣袗	袧袝啸袙袗孝袣袗
253	袟袗袛	袣袗袙袝袪	袪袗袟袙袝袛袣袗
254	袛袝袪	袩袥袗孝鞋袝	袩袪袝袛袗孝袝袥鞋
255	袥袝袛袠	袙袝小孝鞋	小袙袠袛袝孝袝袥鞋
256	袛袠袧袗	袝袙袪袨袩袗	袨袩袪袗袙袛袗袧袠袝
257	小袣袨孝	孝校袪袧袠袪	袠袧小孝袪校袣孝袨袪
258	携袧袗	孝袠袚袪袗	袚袗袪袗袧孝袠携
259	孝袠袚袪	肖袠肖袗	袚袪袗肖肖袠孝袠
260	袪袠袣袨	袙袨袥袣	袣袪袨袥袠袣袨袙
261	啸袗袥袣	袪袗袛袠袨	袥袠啸袨袪袗袛袣袗
262	袩袨小孝	小袣袨袥鞋	袩袥袨小袣袨小孝鞋
263	袩袝袣袠袧	袟袗袙袨袛	袟袗袩袨袙袝袛袧袠袣
264	袩袨袥鞋袟袗	袗袣孝袝	袩袨袣袗袟袗孝袝袥鞋
265	袦袝效	袨孝小袝袣	袦袝小孝袝效袣袨
266	袥袠袟袗	袘袝袥袗	袠袟袗袘袝袥袥袗
267	袩袪校袛	袣袨袞袗	袩袨袛袪校袞袣袗
268	袦袨袧小孝袪	袩袝小	小袩袨袪孝小袦袝袧
269	袥袝袙袠袧	袩袗袪袝	袩袪袗袙袥袝袧袠袝
270	袚袨袧袣袠	袩袪袠效袠袧袗	袩袨袚袪袗袧袠效袧袠袣袠
271	袙袙袨袛	袣袠小袥袨孝袗	袙袥袗袛袠袙袨小孝袨袣
272	小孝袪袠孝	袚袗袠	袚袠孝袗袪袠小孝
273	袣校袘	袙袨袥袚袗	袘校袥袚袗袣袨袙
274	袨袥携	袙袗袛袠袦	袦袨袥袛袗袙袠携
275	袧袥袨	袦袝孝袪袨袙	袥袝袪袦袨袧孝袨袙
276	袨袣袧袗	袗袥袠袝袙	袧袠袣袨袥袗袝袙袗
277	袞袠袙袨袝	袩袗袪袧袠	袩袪袨袞袠袙袗袧袠袝
278	袨小袝袧鞋	袘袨小孝袨袧	袨小袨袘袝袧袧袨小孝鞋
279	袦校袧	袦袗袪袣小	袦校袪袦袗袧小袣
280	孝校袪袧袝	袦袗袚	袗袪袚校袦袝袧孝
281	小孝袠袙	袣袠孝袗	袗袣孝袠袙袠小孝
282	袨孝效袝孝	袩袠袣袗	袨孝袩袝效袗孝袣袠
283	袪袗小	袥袗孝袙袠携	袗袙小孝袪袗袥袠携
284	袨小孝袠袧	小袝袪袗携	袪袗小小孝袨携袧袠袝
285	袧袨袞袠	袩袝袪袝啸袨袛	袩袪袨啸袨袞袛袝袧袠袝
286	袣袨袧	袩袝袪小袠	小袨袩袝袪袧袠袣
287	小袣袨孝孝	袣袝袧	袣袨袧孝袝袣小孝
288	袛袠小袣	袩袨袩袗	袩袨袛袩袠小袣袗
289	小孝袝袣袥袨	袘袗袘	袘袗小袣袝孝袘袨袥
290	袩鞋袝袪	袩袨袙袨袛	袩袪袨袩袨袙袝袛鞋
291	袩袠袥	袧袨小袠孝袝袥鞋	袠小袩袨袥袧袠孝袝袥鞋
292	孝袪校袩	袨小孝袗孝袣袠	袩袪袨小孝袠孝校孝袣袗
293	袪袨袟	袧袨袚孝袠	袚袨袪袠袟袨袧孝
294	袣袠袩袪	校袪袨袛	袩袪袠袛校袪袨袣
295	小袨袣袨袥	袪袠袛	袣袠小袥袨袪袨袛
296	校效袝袧袠袣	袛袗袧	袧袝校袛袗效袧袠袣
297	袣袝袙袠袧	孝袨袦袗	袦袗孝袙袠袝袧袣袨
298	袩袨小袨袥	孝校袪袨袙	袩袨袥校袨小孝袪袨袙
299	袨孝袛袝袥	袟袗袙袠小孝鞋	袠袟袛袗孝袝袥鞋小孝袙袨
