28	袩袨袪	袣袗袙袝袪	袩袪袨袙袝袪袣袗
50	袥袝袙	小袗袧孝袗	小袙袝孝袥袗袧袗
77	小袝袧	袩袨袞袗袪	袩袝袪小袨袧袗袞
117	袨袩袪袨小	袞袝袥袗袧袠袝	袪袗小袩袨袥袨袞袝袧袠袝
125	袪袠袨	袩袝袪袦鞋	袩袪袠袦袨袪鞋袝
127	小袨袥鞋	孝袝袧袠	袧袨小袠孝袝袥鞋
141	袘袨袪	孝袗袧袣袠	袪袗袘袨孝袧袠袣
147	小袩袨袪	袥袝袧袗	袩袝袪小袨袧袗袥
155	袘袨袪孝	小孝袗袙	袘袪袗孝小孝袙袨
169	袦袨袪袠小	袙袗袧	小袦袠袪袧袨袙袗
196	袥袨小	孝袠袚袪袗	袚袗小孝袪袨袥袠
225	袪袠袣袠	小孝袗袧	袣袪袠小孝袠袗袧
250	袣校袩袝	袩袗袥鞋孝袨	袩袨袣校袩袗孝袝袥鞋
252	效袝袧	袙袨袛袣袗	袛袝袙效袨袧袣袗
256	袩袨孝袨袦袣袠	袪袨袟	袣袨袦袩袨袟袠孝袨袪
257	袣校袥鞋孝	袪袝袚袠袨袧	孝袪袝校袚袨袥鞋袧袠袣
262	袩袠袥	小孝袗袣袗袧	袩袥袗小孝袠袧袣袗
263	小孝袙袨袥	小袝袛袗袧	袧袗小袥袝袛小孝袙袨
264	袧袠袣袗	袣袗袦袝袪袗	袗袦袝袪袠袣袗袧袣袗
266	小袙袨袛	袗孝袗袣	袛袨小孝袗袙袣袗
269	袠袝袧	袛袝袪袝袙袨	袧袝袛袨袙袝袪袠袝
270	袪袝袧袨	小袝袦袝袧袨袙	小袨袙袪袝袦袝袧袧袨袝
271	小孝袪袨袝袧袠袝	袦袗袪小	袪袗小小袦袨孝袪袝袧袠袝
275	肖袨袪孝	袥袗袦袩袗	袩袥袗孝肖袨袪袦袗
276	袩袨袣袨袡	小孝袗袪	袩袨小孝袪袨袡袣袗
277	袝小袝袧袠袧	啸袨袪袗	小袨啸袪袗袧袝袧袠袝
